id_vente;id_agence;id_vendeur;id_client;id_produit;quantite;date
2055245998;9;25;49;9;70;17/05/2024
2088543464;7;53;100;3;31;02/05/2024
2836631620;5;62;69;6;50;19/09/2024
6391467919;2;28;85;9;24;28/02/2024
2538334186;10;31;85;6;88;14/02/2024
3164132747;3;60;99;7;85;04/11/2024
3410364535;8;26;92;12;35;09/11/2024
9935376090;10;43;98;12;46;04/02/2024
3070200867;5;46;47;9;41;02/04/2024
7576045505;5;65;14;9;62;04/03/2024
1628386294;10;44;95;6;76;28/01/2024
6733827652;8;30;68;10;62;09/08/2024
4335887311;9;27;9;15;96;19/09/2024
9245403563;10;43;36;15;35;16/11/2024
8297569719;5;46;58;10;87;13/05/2024
5258485673;5;56;88;7;58;06/03/2024
7083404481;6;58;80;6;41;26/10/2024
1687897014;5;66;35;10;41;22/02/2024
4749029920;3;67;10;3;38;31/03/2024
2844520572;7;49;100;4;61;13/07/2024
5607547448;3;67;44;3;64;14/12/2024
2587661135;5;63;60;16;95;12/06/2024
6542787103;5;62;85;4;20;07/06/2024
3526631799;6;35;8;7;87;26/12/2024
2807162122;3;61;79;3;70;12/02/2024
7646989696;1;57;33;11;62;22/06/2024
2755363129;4;38;88;13;19;17/04/2024
1968316443;8;36;63;16;76;09/12/2024
6317883501;8;29;7;18;10;30/06/2024
7781434493;5;56;35;13;50;15/07/2024
8220769844;1;39;97;15;24;03/11/2024
5351408197;9;27;33;1;66;04/09/2024
1819128250;5;66;48;11;69;16/02/2024
1185753629;7;51;67;10;61;14/04/2024
5444890957;10;31;40;8;55;20/01/2024
2316383102;3;61;64;8;59;15/11/2024
7605983911;7;53;85;18;91;01/02/2024
5668450431;6;37;14;7;58;13/09/2024
8099708938;8;26;43;13;88;31/05/2024
7737474196;6;58;84;15;88;03/03/2024
6669187825;2;47;74;16;64;07/03/2024
7730821595;10;50;98;13;25;06/06/2024
3133285934;4;64;55;18;54;16/02/2024
7930716659;4;38;92;7;99;21/03/2024
2763192361;6;58;13;1;41;18/06/2024
4374100359;1;42;59;5;96;19/10/2024
6032355204;3;61;70;7;64;02/09/2024
2402773043;6;37;23;18;99;27/12/2024
1600046231;6;35;27;13;15;04/06/2024
1825771566;2;28;29;13;15;28/11/2024
2553658424;10;44;20;19;77;09/04/2024
6131775465;4;64;29;10;77;07/10/2024
9667870655;2;59;79;19;92;17/09/2024
8070323908;10;50;71;12;76;29/04/2024
9301931096;2;59;34;6;59;25/02/2024
4950454723;7;51;100;11;59;03/03/2024
5569691250;9;25;58;8;90;09/05/2024
9380411779;4;45;61;14;81;28/09/2024
4869071686;3;52;34;15;98;06/07/2024
3908353406;7;22;74;1;28;11/01/2024
7242966450;10;31;14;5;48;14/09/2024
4866709987;9;25;5;4;90;10/09/2024
9347353807;5;54;14;16;27;29/08/2024
6929079054;5;54;28;15;43;31/07/2024
7541150025;8;36;28;6;50;07/11/2024
9117209238;5;66;43;6;24;18/09/2024
3292210991;8;30;75;13;93;22/12/2024
3817483309;8;36;86;6;30;18/07/2024
7521710837;4;38;46;16;90;24/05/2024
8834030424;8;26;84;19;47;13/07/2024
9015722677;2;28;47;3;94;09/01/2024
1453594574;2;59;5;12;98;18/09/2024
1186278607;1;55;20;17;57;24/05/2024
2701971675;1;42;78;16;43;06/07/2024
6615411588;4;40;82;12;79;04/07/2024
7185956695;2;47;68;14;20;02/09/2024
7791094753;4;45;3;9;10;28/09/2024
6218632799;9;25;74;11;15;12/03/2024
6641080665;5;63;74;17;93;26/03/2024
3795243756;1;57;24;9;74;29/08/2024
6297562541;5;46;90;17;37;21/01/2024
6590538643;5;46;15;8;50;31/03/2024
5709345737;2;41;22;1;12;04/01/2024
4874995536;4;40;90;3;49;30/05/2024
7117698026;3;52;81;4;67;02/06/2024
6789884445;7;51;21;9;73;10/06/2024
1774663368;10;44;5;15;22;29/06/2024
3298220655;9;24;58;2;47;07/10/2024
8692520967;3;52;51;13;97;16/03/2024
7907489089;6;37;87;7;54;22/03/2024
1110754661;2;41;88;11;39;03/07/2024
9854379282;1;39;62;10;57;15/01/2024
4467626540;9;24;70;14;94;20/12/2024
1080696853;5;65;39;7;24;12/01/2024
3903329181;5;63;4;4;33;17/11/2024
1243039288;7;51;97;2;94;28/04/2024
6641913798;2;28;52;8;52;16/02/2024
5806405092;1;32;7;17;68;06/03/2024
6357855995;5;54;10;9;46;01/12/2024
1576110404;7;51;75;12;65;05/04/2024
2542895856;8;26;39;3;39;27/01/2024
7205996328;2;59;82;19;82;03/02/2024
1058634430;8;26;19;16;97;12/06/2024
8597396470;10;43;55;4;36;05/03/2024
4773371507;4;38;99;8;81;25/09/2024
3963839903;5;54;80;4;26;31/03/2024
2206273004;7;22;2;13;42;07/12/2024
3232216850;1;32;81;3;25;19/07/2024
6258035696;4;64;26;9;25;18/01/2024
7443393956;1;33;47;1;70;18/11/2024
4339218189;5;66;16;13;16;10/09/2024
4114040875;9;21;42;12;44;17/10/2024
5959898869;3;61;52;19;71;27/12/2024
1666185104;1;33;85;4;88;22/09/2024
2612658152;7;48;48;14;65;09/04/2024
1660008708;10;43;65;18;65;29/11/2024
5772957994;2;47;29;11;13;05/06/2024
9111573392;4;38;50;3;83;05/12/2024
5591378102;8;26;55;2;98;20/07/2024
2344064629;3;61;34;12;25;08/06/2024
3062285358;3;52;22;16;25;01/02/2024
6616687412;4;34;25;13;89;08/09/2024
1505542175;2;28;58;10;61;15/04/2024
3354393752;5;63;26;16;86;03/05/2024
7915283670;5;56;79;4;59;13/06/2024
7239492981;5;65;37;17;91;01/11/2024
9571651277;1;32;16;14;27;17/06/2024
2017441065;8;30;33;19;90;26/10/2024
2029254246;10;43;48;12;85;15/10/2024
3548473642;1;33;78;17;55;23/06/2024
6723861098;8;29;85;4;67;07/02/2024
1498813062;8;30;22;15;22;27/08/2024
9779269112;1;55;2;12;49;13/02/2024
9663139717;6;37;81;14;72;07/04/2024
1157892190;6;37;89;5;47;24/03/2024
5306947137;7;49;76;11;32;11/06/2024
4635607793;4;38;65;5;51;19/04/2024
9681242809;5;65;11;1;53;17/01/2024
5513475341;2;59;69;16;83;11/10/2024
2013364595;7;49;27;14;40;04/03/2024
8174122623;7;49;14;2;87;14/05/2024
6954844509;7;23;44;5;60;22/11/2024
5800236167;3;67;18;12;92;25/07/2024
3234925707;3;52;82;15;25;30/07/2024
5806928754;5;63;40;9;35;10/10/2024
4496088594;8;36;83;16;13;16/11/2024
9471491237;10;44;61;17;18;20/07/2024
7859000817;3;61;81;3;46;05/10/2024
1613933762;1;39;67;6;80;26/10/2024
7330797597;10;31;56;18;57;16/07/2024
6662727810;3;61;54;15;42;21/09/2024
7594581685;5;65;35;3;60;26/03/2024
8929810622;9;24;76;12;82;19/07/2024
1336964123;9;25;63;3;82;14/04/2024
6966406175;1;57;26;10;25;12/10/2024
5519056403;3;61;8;12;54;09/02/2024
8916479186;7;49;22;3;48;08/03/2024
6803612853;1;42;10;11;19;05/05/2024
5684130447;2;47;78;13;84;08/03/2024
8952065163;7;51;59;14;22;18/05/2024
3077210714;7;23;4;4;60;13/10/2024
7998811110;4;45;74;5;92;15/04/2024
6237975009;3;60;69;12;30;24/10/2024
7222278104;9;24;22;7;20;26/01/2024
5928267727;8;29;32;14;92;01/04/2024
7578203754;10;44;58;10;53;08/03/2024
5210895971;4;34;73;14;77;15/01/2024
7168315742;4;45;69;4;20;16/04/2024
7233627817;1;39;48;18;93;30/11/2024
2913094592;5;46;23;1;73;05/05/2024
2295408940;8;36;60;17;76;20/07/2024
5984355545;4;40;101;8;30;03/07/2024
9459776414;5;56;29;17;23;14/03/2024
1625581326;4;34;90;5;32;16/01/2024
5163931332;1;57;15;7;35;01/08/2024
4425943073;2;59;97;16;79;26/08/2024
2554451249;10;31;30;17;35;23/06/2024
1125985162;5;62;29;9;96;30/05/2024
5607784068;9;25;10;15;19;09/05/2024
7739978005;7;48;50;14;20;02/08/2024
4243528220;2;47;68;18;32;25/05/2024
2958536656;4;40;34;1;78;29/11/2024
4270727131;8;30;2;3;93;26/09/2024
5969808141;3;60;7;13;63;04/07/2024
4180530549;7;49;18;11;97;31/07/2024
4636251656;8;26;73;7;64;08/07/2024
6919440298;4;45;20;14;16;22/07/2024
3293774990;9;27;21;2;56;16/09/2024
6603981635;6;58;48;4;61;22/04/2024
3649900500;1;55;75;12;21;17/07/2024
6979049704;2;47;40;16;40;30/04/2024
9336952128;1;33;37;9;27;06/07/2024
5754862423;6;35;2;14;82;18/08/2024
1125808750;5;46;37;8;97;01/04/2024
9205882938;4;64;97;8;99;15/05/2024
4839657238;6;58;91;15;84;26/04/2024
2789102712;5;54;36;17;35;06/04/2024
5478905111;5;66;35;7;84;20/11/2024
9369848124;7;22;59;16;67;26/12/2024
9405994093;7;53;7;9;12;15/01/2024
6027025612;2;28;45;11;74;04/03/2024
8796215830;7;53;30;7;55;14/10/2024
6464289405;3;67;81;5;36;08/05/2024
5865291297;9;21;90;7;94;23/11/2024
8241605969;1;42;26;19;32;22/11/2024
8787121636;4;38;31;2;40;15/05/2024
5914911898;8;26;99;17;65;04/10/2024
2849497392;3;67;42;11;91;23/02/2024
6892201304;5;65;19;6;86;07/01/2024
3022530475;5;54;48;12;47;09/09/2024
8916126374;5;46;90;6;70;30/12/2024
9692056767;10;44;36;7;19;03/08/2024
6715502085;9;21;69;14;88;03/08/2024
8702357172;4;40;84;5;65;28/07/2024
8715000786;3;61;38;17;99;22/08/2024
9796080679;5;46;65;17;28;07/06/2024
6927771351;8;36;63;12;24;01/06/2024
4134330025;5;56;67;3;21;17/11/2024
4137476598;1;42;11;12;65;30/06/2024
8014907272;5;56;26;2;39;07/05/2024
5527369847;9;21;62;19;96;04/07/2024
8162337761;9;24;76;6;90;29/06/2024
8849404524;4;40;39;6;91;09/11/2024
1589845288;7;23;25;13;16;23/03/2024
9110270491;7;48;85;6;58;22/06/2024
2770295036;7;23;85;10;74;18/07/2024
9881188640;5;65;65;11;70;25/09/2024
7927729631;1;42;99;7;60;31/03/2024
2564414508;5;65;83;14;86;13/04/2024
1850437195;10;44;21;5;23;24/08/2024
5752017222;5;62;61;1;75;01/07/2024
5105893199;7;48;22;18;81;24/04/2024
6686627067;8;29;88;8;79;09/06/2024
5668538703;10;50;38;3;27;08/09/2024
8575449525;1;57;95;2;28;23/09/2024
4548495601;7;23;14;9;74;04/07/2024
2664973003;7;22;80;9;96;19/08/2024
4088596208;3;52;22;2;77;05/05/2024
9246244501;1;39;16;6;98;06/10/2024
4060690841;9;21;90;16;38;18/12/2024
5995590723;4;34;14;5;85;03/09/2024
6048082221;1;57;65;3;14;05/02/2024
9751594685;4;34;18;1;40;06/07/2024
4411021357;3;67;65;1;100;14/04/2024
8622999931;7;48;4;1;58;04/03/2024
8963877868;3;52;13;4;74;11/07/2024
3269763411;9;27;8;1;53;09/05/2024
6400698342;5;63;23;15;52;24/01/2024
8300876984;6;37;59;16;73;01/08/2024
2478201134;3;61;95;4;70;24/04/2024
5498994145;7;48;31;3;63;12/02/2024
4279193731;3;60;91;17;92;18/02/2024
9803651330;10;44;45;11;34;15/09/2024
5000659175;5;65;40;9;79;27/12/2024
1983742072;7;22;44;13;27;22/11/2024
4784643430;9;24;69;11;75;18/09/2024
7898988143;3;52;46;7;56;09/03/2024
5990841178;1;32;17;14;27;11/06/2024
7782934721;2;59;25;19;31;20/05/2024
1686101883;6;35;68;9;85;08/09/2024
1066186575;4;64;35;17;81;04/05/2024
5029488062;5;46;16;4;69;02/04/2024
4789509191;7;22;77;9;40;04/07/2024
7410530423;4;34;73;18;87;16/09/2024
4533191450;1;33;10;17;92;25/12/2024
5625226123;4;64;75;11;24;02/08/2024
8531650244;9;27;96;3;23;28/12/2024
8693067333;7;48;100;6;29;28/02/2024
6376400321;9;27;92;18;57;25/08/2024
4061315027;5;56;64;12;25;18/11/2024
1754159623;5;56;27;1;16;11/12/2024
7353212214;5;63;39;15;92;20/03/2024
8886342801;1;55;61;13;24;08/06/2024
3352209579;5;54;52;1;73;06/09/2024
6792106974;5;65;44;18;97;29/09/2024
6768971505;3;61;13;7;96;24/05/2024
8552614487;2;59;21;15;60;12/10/2024
8392482851;1;42;90;11;58;31/08/2024
1487740497;10;31;58;5;58;08/04/2024
1351290528;10;50;8;6;10;14/11/2024
6019730185;6;35;58;13;30;17/01/2024
3788215184;3;52;87;15;97;05/05/2024
2008523621;7;53;11;12;84;26/07/2024
3144952060;10;31;19;12;41;05/08/2024
8320261663;5;65;30;6;32;13/08/2024
5459095770;1;32;56;12;48;03/04/2024
9701408708;1;42;60;15;37;26/08/2024
6258404695;4;45;101;10;43;25/02/2024
2269648278;2;47;36;14;50;25/05/2024
3045520426;4;64;20;11;27;10/12/2024
7340073946;8;29;27;2;59;03/11/2024
8071350812;1;33;45;5;16;22/10/2024
3464333860;4;45;86;2;45;04/05/2024
3808127722;7;53;51;16;87;01/08/2024
5400181669;5;66;35;19;10;01/01/2024
6471416633;1;42;65;3;82;22/02/2024
2989124356;8;26;83;11;96;10/09/2024
3855719796;6;37;76;4;41;23/07/2024
8114688631;2;28;4;17;49;27/04/2024
9138249238;7;53;12;13;47;19/08/2024
7104878430;2;41;20;10;53;08/12/2024
2215818444;5;62;67;1;68;23/05/2024
8578862483;5;54;82;4;68;29/10/2024
3076606445;2;41;100;18;52;11/05/2024
2699237001;5;65;17;14;57;08/07/2024
7701855493;10;43;21;6;41;25/06/2024
6530485993;5;63;49;3;71;09/08/2024
9437142530;2;47;7;16;58;01/05/2024
1172709043;5;54;72;12;36;25/04/2024
5588575055;4;34;100;11;80;18/08/2024
8625666097;10;44;90;14;40;01/08/2024
1476081763;10;43;57;19;30;07/10/2024
4892938283;9;25;39;13;51;02/09/2024
2036801989;8;29;95;6;34;15/10/2024
5209879702;7;23;67;10;24;03/08/2024
2339568985;4;40;69;9;37;23/08/2024
3298421688;5;62;8;9;37;01/09/2024
8915608315;4;40;40;5;10;15/04/2024
5744709790;9;27;2;7;67;26/06/2024
1222041239;10;50;25;15;19;04/06/2024
7948168174;10;50;82;9;44;11/03/2024
4461408942;8;30;10;5;29;17/04/2024
1206410023;3;60;79;3;54;26/02/2024
7040821326;6;37;47;14;58;26/02/2024
1833782969;4;38;62;19;17;04/05/2024
4047188585;10;43;44;5;86;17/12/2024
1760523303;7;49;86;11;37;11/03/2024
2814536904;1;55;43;9;95;18/04/2024
7734247398;5;66;50;19;37;26/09/2024
2589004088;7;23;87;7;75;06/12/2024
3506921634;4;64;58;14;48;25/02/2024
5227204696;3;61;35;14;32;04/08/2024
9212853987;5;62;22;14;99;26/06/2024
4182503912;2;59;97;14;81;26/11/2024
8848440772;5;62;86;2;79;19/06/2024
3892249000;3;52;76;6;57;05/01/2024
2031226090;2;59;13;14;35;10/10/2024
9031212060;1;57;91;3;59;22/12/2024
3522124782;8;29;55;19;70;15/09/2024
2135029275;1;57;60;15;47;14/09/2024
9847650161;7;49;5;16;85;17/11/2024
4460451432;3;60;94;3;29;01/09/2024
4701705623;1;55;83;9;77;21/02/2024
7270582346;5;66;94;12;67;19/07/2024
4554102617;8;29;54;9;48;31/10/2024
6975837306;2;28;24;15;99;31/03/2024
9601488480;4;38;43;3;31;17/01/2024
1233424669;7;51;66;4;43;15/10/2024
6692760170;9;21;95;18;85;12/08/2024
3928483804;8;29;92;12;85;11/05/2024
4453337344;7;22;90;13;18;25/02/2024
8201947676;1;39;24;1;28;04/12/2024
3509332250;4;40;34;4;91;23/11/2024
2352287472;4;34;52;19;96;10/08/2024
4827181767;5;63;1;7;26;27/12/2024
8302844137;5;56;61;8;14;16/02/2024
5342488270;5;54;82;15;20;24/08/2024
6736333427;9;25;68;11;93;17/05/2024
4048893058;8;26;48;4;92;29/05/2024
2365807535;7;51;66;16;87;09/01/2024
2262179629;3;52;56;11;19;11/09/2024
3473094674;6;37;30;9;41;28/01/2024
7456681060;4;34;1;19;46;07/02/2024
2398238461;5;65;94;5;36;17/01/2024
6126616278;7;22;10;8;89;09/09/2024
1201528950;3;52;71;17;93;12/03/2024
4429116631;1;57;54;18;21;21/11/2024
8348128343;1;32;26;18;34;24/03/2024
3929083947;4;40;85;6;43;22/08/2024
7744782854;9;24;50;4;13;19/11/2024
7414537778;8;29;70;6;75;28/05/2024
7738307262;1;33;13;18;31;13/11/2024
7460096154;6;35;9;1;41;21/12/2024
9929576727;7;22;80;8;19;22/03/2024
8665995868;5;63;8;16;16;10/07/2024
4698966449;3;52;94;12;47;01/03/2024
9481929842;4;38;46;14;84;06/04/2024
7888052785;4;45;31;14;48;07/05/2024
1531838352;3;52;95;2;43;21/05/2024
4519244209;5;65;20;17;66;24/01/2024
9803443231;8;30;27;16;17;25/06/2024
4385186912;8;30;77;17;62;29/01/2024
8769085193;7;49;51;15;77;17/07/2024
1174130859;10;50;29;12;41;06/05/2024
8834897503;9;21;75;11;29;09/05/2024
5327949772;7;49;20;4;98;04/04/2024
9740074736;5;46;48;12;76;26/02/2024
5823670354;1;33;97;12;59;19/07/2024
4814912973;1;55;16;7;84;05/05/2024
1468927802;2;28;33;15;22;04/04/2024
3683576004;1;55;39;7;66;03/11/2024
5339173647;2;59;75;19;68;28/10/2024
4696692236;4;45;26;2;99;15/07/2024
2132816748;7;49;4;15;94;17/04/2024
3333619912;7;48;6;17;70;26/03/2024
4010226830;8;26;75;3;91;07/12/2024
8121799937;3;60;45;11;20;25/03/2024
7628148068;7;22;95;1;65;22/10/2024
1275064686;2;41;7;14;82;14/03/2024
5990319076;9;24;84;13;39;12/04/2024
4080001762;3;52;95;15;46;16/10/2024
3480437166;10;44;75;14;92;31/08/2024
6562235625;2;47;99;7;56;19/04/2024
6428260073;3;67;91;5;15;15/06/2024
5744247728;2;47;61;19;15;02/11/2024
5439512518;8;30;73;14;25;02/03/2024
1246541138;5;63;1;14;23;17/05/2024
6574395386;7;51;7;19;14;01/01/2024
7871045804;7;49;40;14;74;08/12/2024
7701821332;3;52;45;19;32;23/10/2024
5268599220;4;45;44;19;29;13/03/2024
2955459175;1;57;34;13;78;14/07/2024
8606375778;7;22;28;11;12;22/12/2024
5036763946;9;27;82;14;77;19/05/2024
2070611137;1;39;45;12;100;23/09/2024
8591619952;5;66;83;13;96;30/11/2024
5616869991;2;41;88;5;48;25/12/2024
1637838202;4;34;98;8;14;15/09/2024
9599408975;5;66;61;18;37;18/09/2024
3829803964;10;44;63;7;98;20/08/2024
7288145425;8;26;43;7;84;03/11/2024
8906424505;8;36;90;1;21;30/07/2024
2546442656;4;45;57;3;22;15/05/2024
7927223844;5;46;73;11;28;28/03/2024
9721475639;7;53;12;1;21;04/03/2024
9847303205;1;32;78;15;60;01/02/2024
7886442618;3;60;39;7;56;09/07/2024
1477060796;9;27;57;6;43;21/10/2024
4981784897;7;53;44;6;71;14/09/2024
4405929278;4;45;36;13;38;14/05/2024
8236347042;7;48;55;12;33;12/10/2024
9488564766;8;29;26;14;90;22/02/2024
9366728803;1;33;26;5;81;24/04/2024
4785278182;8;29;32;7;63;26/05/2024
1316969001;4;64;84;2;59;13/06/2024
1605198406;7;48;77;19;26;09/08/2024
8507891428;6;35;45;19;95;27/05/2024
9827812148;2;47;17;11;19;29/08/2024
5954112941;6;35;50;13;18;14/08/2024
8626423672;2;59;74;8;38;01/06/2024
8606883224;8;36;25;5;94;04/08/2024
7383942750;5;56;50;8;91;11/09/2024
7603722049;9;25;3;9;32;26/01/2024
1393935861;2;41;58;17;47;13/11/2024
2124540949;2;47;18;6;41;18/11/2024
6037465435;10;31;50;19;50;07/10/2024
2177119500;9;24;100;1;63;08/12/2024
3761349396;10;44;13;13;50;21/08/2024
4819018257;3;67;96;11;29;03/02/2024
4889944569;5;63;94;13;17;24/10/2024
1294683670;1;39;45;2;38;01/05/2024
3098785537;1;57;17;17;30;15/03/2024
9508365584;7;22;20;7;77;05/06/2024
7475650203;5;56;63;6;31;25/05/2024
1566691093;3;60;93;16;62;27/10/2024
2926515077;7;48;67;13;53;18/03/2024
9949898012;7;49;50;11;61;15/11/2024
6106822243;5;66;48;9;75;28/09/2024
5961469800;5;46;54;14;59;08/10/2024
2319263440;7;23;17;19;97;22/04/2024
8573654552;3;67;40;5;28;30/01/2024
9712821262;3;67;80;3;39;15/05/2024
1524768566;8;29;70;19;21;29/09/2024
4735070560;8;26;65;2;36;11/04/2024
7752185926;5;54;76;12;44;22/11/2024
1752474205;1;39;47;3;40;06/01/2024
8252832303;5;56;34;13;79;15/10/2024
6250659357;10;31;42;9;17;30/01/2024
5231495574;10;50;37;16;21;07/04/2024
6888715362;1;39;23;14;47;13/11/2024
5989614700;5;66;98;17;48;30/09/2024
7356457821;7;23;39;19;60;10/02/2024
5586632287;8;29;84;13;37;22/01/2024
7712260505;5;63;79;13;37;06/08/2024
6626519988;1;57;8;9;65;23/10/2024
6808038395;10;50;8;18;43;02/07/2024
3550207200;10;50;20;17;70;26/10/2024
4384581180;5;56;90;16;13;11/02/2024
2290054094;4;45;69;18;23;14/06/2024
2965603495;2;28;14;19;34;14/02/2024
2750312339;8;30;80;19;35;23/06/2024
8309467446;2;47;93;2;61;19/01/2024
2494110921;5;46;65;1;71;07/02/2024
1932588845;3;52;84;18;13;23/01/2024
5163335673;4;38;63;14;54;20/02/2024
6941625945;3;52;15;5;31;30/08/2024
7803580407;5;46;71;3;81;21/07/2024
2562804375;7;49;76;1;97;02/08/2024
9913660522;4;45;21;4;68;29/11/2024
4789329297;9;27;85;7;95;29/11/2024
2215377667;6;37;44;7;72;08/07/2024
7021463261;9;27;101;5;30;05/10/2024
9701957721;2;28;95;5;95;01/09/2024
5618970651;2;41;58;16;64;19/02/2024
1897533588;5;66;1;16;72;08/04/2024
1588601393;10;50;65;8;59;17/09/2024
5956633554;3;67;3;8;65;13/01/2024
8884253631;10;44;86;15;26;15/02/2024
7629834468;5;56;35;15;40;12/04/2024
4615772427;2;47;46;13;54;13/02/2024
7705500103;2;47;77;10;21;30/04/2024
6033627925;10;43;8;16;74;26/12/2024
7896959133;7;49;8;18;90;11/12/2024
5008690234;7;51;32;9;10;24/05/2024
6076752519;7;22;42;15;28;04/11/2024
5111683212;8;29;100;13;99;19/05/2024
6937494201;7;48;12;2;10;30/10/2024
7753762252;3;60;26;9;30;24/12/2024
3752779874;1;42;41;19;46;23/05/2024
6766142284;10;31;25;3;72;09/02/2024
1463517666;10;44;86;4;43;29/06/2024
4937389096;4;38;38;5;10;14/03/2024
6853412452;7;23;39;13;33;11/01/2024
6572000246;3;60;78;5;14;14/06/2024
2425140285;1;42;49;14;73;06/12/2024
8079700010;1;33;30;14;98;17/02/2024
4530931856;10;50;88;17;38;18/06/2024
6743736067;8;26;89;18;89;27/01/2024
5995808385;5;56;70;6;84;02/12/2024
1582979632;3;52;66;12;15;27/09/2024
2710462849;7;23;11;10;33;01/06/2024
9131535323;8;26;52;18;55;03/01/2024
6083996298;7;48;52;16;74;22/02/2024
9132180930;9;25;73;6;32;24/06/2024
8096226415;7;48;75;19;50;09/06/2024
9962920657;9;27;62;2;19;10/11/2024
9371105920;8;29;63;1;29;02/11/2024
8951726829;1;33;1;15;39;13/06/2024
4462276467;7;23;18;2;31;13/02/2024
8005716561;4;45;16;8;51;22/08/2024
4588769501;1;33;25;7;50;02/04/2024
1004996447;9;24;45;11;49;16/07/2024
1817268927;8;26;95;2;98;31/03/2024
3250965260;5;63;29;5;13;12/12/2024
3030903804;4;40;52;13;80;08/09/2024
6741820766;9;27;16;1;14;09/04/2024
6019634779;3;60;31;13;40;20/04/2024
9167165012;10;44;91;10;88;01/11/2024
2480017044;1;32;57;8;33;16/08/2024
8261724543;6;58;72;17;10;27/05/2024
6064553916;1;42;13;17;95;15/11/2024
5929769476;2;59;88;10;29;01/01/2024
9452012900;8;26;32;3;27;24/12/2024
9716537637;7;22;4;16;96;16/09/2024
1787426807;5;65;73;12;33;30/12/2024
1301522180;9;21;4;16;27;01/09/2024
6656266413;4;40;76;8;95;19/05/2024
5995361469;7;49;19;1;48;11/10/2024
1205572172;7;53;6;18;44;17/02/2024
9188288597;10;31;7;5;81;08/10/2024
4153619526;4;34;62;5;99;26/03/2024
5559080795;1;42;79;2;24;31/01/2024
9734536121;1;33;80;7;27;16/06/2024
6261962734;1;57;55;5;43;01/02/2024
7686202124;9;27;38;19;67;20/05/2024
2240152056;8;29;74;13;76;02/03/2024
3085273122;10;31;56;19;20;28/04/2024
3765010821;1;57;58;18;27;14/07/2024
3036580567;6;37;47;10;23;30/03/2024
5847709974;9;27;13;3;20;16/01/2024
2071800917;10;43;29;6;29;04/05/2024
6214698694;5;54;35;1;16;14/11/2024
3454507100;9;24;76;2;87;01/05/2024
8784162178;2;47;1;2;81;18/09/2024
1259860010;4;40;95;2;66;24/02/2024
6579450252;9;24;12;9;75;08/09/2024
7549615396;10;44;11;10;94;20/05/2024
9492400850;7;23;98;12;12;12/02/2024
8611281045;7;51;11;12;21;03/07/2024
5053571143;10;43;40;9;49;29/04/2024
9709269314;7;23;53;12;32;13/07/2024
8166694799;4;40;69;17;56;12/10/2024
4217101364;5;66;95;7;31;03/11/2024
9830021167;2;28;27;9;36;24/12/2024
3177805404;4;45;60;2;96;18/03/2024
5449031016;9;24;49;17;94;15/09/2024
8413948753;9;27;78;8;79;22/01/2024
5730960936;5;46;52;19;21;28/11/2024
2266708425;4;40;94;4;64;25/09/2024
6287660137;3;61;49;12;83;21/08/2024
3730498365;1;55;39;14;66;17/03/2024
7300093383;5;63;59;4;21;23/12/2024
6849506477;5;54;39;16;44;18/07/2024
6389298622;8;29;11;14;92;18/10/2024
7515371083;5;65;69;11;21;18/05/2024
7520257537;5;46;59;12;40;09/12/2024
1247691422;4;34;19;8;48;20/06/2024
4063190803;2;59;63;8;77;21/06/2024
9736841042;5;54;20;1;30;20/04/2024
5284985982;3;60;88;6;56;25/06/2024
4684358928;5;46;39;5;44;05/06/2024
9112248742;4;40;30;9;68;09/09/2024
1144894677;1;57;24;13;42;17/04/2024
2445101873;3;60;32;7;100;06/12/2024
2156299202;4;40;88;13;81;30/07/2024
5658507664;8;36;33;5;16;06/07/2024
1260046888;7;51;27;1;24;02/01/2024
3065969283;7;48;21;8;44;03/08/2024
5833154894;5;62;31;18;73;18/07/2024
3739332562;9;27;76;17;29;16/07/2024
2056301053;5;46;88;15;74;06/04/2024
6942717459;5;62;76;8;71;28/07/2024
3855493588;7;22;67;12;97;23/11/2024
4734266512;4;34;98;2;91;18/02/2024
9760048899;3;60;25;1;88;20/09/2024
2195879738;4;45;93;2;82;13/10/2024
6012460228;2;28;3;2;50;03/06/2024
8199826813;5;56;27;2;88;20/07/2024
1127525341;3;67;3;12;87;26/06/2024
2266094467;7;49;95;13;24;26/02/2024
3535557541;3;52;91;6;81;18/07/2024
4708307729;4;45;13;13;20;03/12/2024
6009226498;2;47;95;9;78;06/08/2024
9236731968;9;24;75;16;21;23/11/2024
6857306331;7;48;47;14;45;03/08/2024
8807299565;5;65;72;2;26;29/02/2024
8690492767;1;32;86;8;66;09/11/2024
7430541797;2;41;78;7;18;24/08/2024
1922795556;3;67;49;10;52;04/01/2024
2115958254;10;50;86;6;96;14/11/2024
1038135383;7;53;100;14;10;24/01/2024
9443691187;1;57;88;17;89;04/03/2024
2551621936;3;61;45;19;39;23/02/2024
4850060734;10;31;49;6;60;07/08/2024
4114831902;7;23;97;4;37;01/09/2024
5835884640;7;49;31;19;37;18/04/2024
1038853789;6;37;92;1;48;17/12/2024
2706236371;5;66;50;11;24;20/08/2024
3625898404;2;41;24;19;60;13/10/2024
7876059868;1;32;41;8;53;14/10/2024
4429795432;9;21;89;16;44;07/03/2024
7817722841;5;46;57;10;46;15/01/2024
4466276519;7;22;23;15;72;26/08/2024
9725871997;7;22;30;10;32;29/06/2024
5308650766;3;61;91;9;76;16/09/2024
8650829373;1;42;79;18;71;25/02/2024
2095650622;4;45;67;3;79;30/11/2024
6921088156;1;32;26;2;25;28/05/2024
7030669110;10;44;22;16;22;07/07/2024
1900810896;1;55;26;7;43;16/12/2024
4518422856;9;25;50;18;73;30/12/2024
1466747444;8;30;15;2;49;18/08/2024
1734974764;1;55;69;14;96;15/05/2024
8613584334;9;21;100;3;95;27/09/2024
7431540250;7;49;95;13;95;19/03/2024
5344521130;2;41;34;3;40;21/05/2024
1720588389;1;57;4;12;10;11/06/2024
5424133790;1;32;28;6;68;24/02/2024
2242163820;3;60;90;1;89;23/12/2024
4954073874;5;63;88;18;88;13/05/2024
1668130247;5;62;82;4;33;11/07/2024
8303885815;6;37;96;5;45;09/04/2024
9026257384;6;35;77;7;22;08/11/2024
7278677645;8;30;23;11;71;03/01/2024
9349895915;4;40;62;16;13;18/02/2024
8390986560;6;58;21;13;55;06/03/2024
4558196004;5;63;79;13;19;05/01/2024
2577507043;3;61;87;1;18;11/07/2024
8244062203;1;32;84;12;52;29/03/2024
7646480783;5;46;29;19;25;04/04/2024
7224521396;3;67;7;11;70;06/04/2024
2318624707;4;64;92;3;41;24/09/2024
9468023399;3;60;61;17;39;27/06/2024
3151299175;5;56;62;4;83;12/02/2024
9488593613;1;55;101;18;73;07/05/2024
9469346940;1;57;49;3;18;18/10/2024
4870018583;1;39;91;8;93;23/02/2024
3882753382;7;49;65;10;64;26/09/2024
8939252672;9;25;79;17;63;05/07/2024
2846045886;10;31;24;15;57;29/09/2024
6184835336;7;22;39;2;42;25/10/2024
3153436575;2;59;18;1;79;24/03/2024
4868982650;5;62;44;17;66;22/01/2024
1603305330;1;55;72;11;86;19/01/2024
8985252918;6;35;10;15;90;15/01/2024
6311901951;1;39;36;12;79;27/11/2024
4264898250;1;57;47;18;24;19/01/2024
3640721358;10;31;69;14;74;14/03/2024
2456905699;9;25;16;4;78;06/02/2024
4788617375;2;47;6;8;73;15/12/2024
8001716265;8;30;24;7;42;26/09/2024
3390605947;7;23;78;2;37;03/08/2024
6062482200;7;49;35;13;10;22/06/2024
7434633566;5;54;27;5;12;03/05/2024
6321682582;9;25;54;5;79;12/01/2024
3847915579;5;66;21;5;95;05/05/2024
4092693804;8;30;34;17;35;18/12/2024
5145063273;6;58;1;14;38;21/11/2024
7909157852;3;52;89;13;24;16/01/2024
1732975794;3;67;81;14;31;21/08/2024
2845488812;5;54;47;11;34;13/04/2024
9395477550;3;61;78;19;72;22/06/2024
8844217860;6;37;50;3;91;01/11/2024
9478098212;4;40;46;14;18;25/12/2024
8360490341;9;21;17;13;60;27/03/2024
8524450642;1;57;71;4;99;10/01/2024
9196191331;10;43;96;17;74;03/01/2024
7442750554;6;58;47;6;49;07/11/2024
6689653056;9;25;42;11;41;30/07/2024
1120789257;10;31;7;16;53;26/07/2024
5713334135;5;54;70;2;89;20/01/2024
4027057093;8;26;84;7;84;19/08/2024
2551869491;4;64;53;12;33;29/02/2024
8380395743;5;54;50;6;18;07/01/2024
4387129220;5;63;80;19;96;23/10/2024
5131197416;5;63;21;8;88;24/06/2024
4406170780;5;54;7;11;27;12/09/2024
2756961432;4;34;35;17;56;02/05/2024
2316030848;1;33;30;18;38;17/02/2024
3732034728;5;65;68;7;57;20/03/2024
7210624273;7;48;31;10;80;17/01/2024
9588683826;3;61;86;12;70;28/06/2024
3181696068;8;30;72;6;95;30/04/2024
9707870837;2;47;1;1;59;06/03/2024
4275817738;3;52;10;8;82;11/12/2024
1388461600;2;59;39;11;72;18/05/2024
4599374816;4;34;38;13;55;09/05/2024
8271053769;1;55;8;19;98;19/09/2024
6216133375;2;59;31;1;38;29/07/2024
9135269499;1;55;4;13;31;30/11/2024
8761234409;5;46;49;15;22;30/08/2024
8906038125;1;57;19;9;91;10/12/2024
6211432346;1;33;80;6;72;03/07/2024
4515999182;10;43;38;12;30;24/08/2024
6858764987;9;25;98;18;15;12/01/2024
9161546292;9;27;37;14;34;22/04/2024
8158411774;9;25;85;1;83;29/06/2024
5135807068;6;35;98;19;69;03/01/2024
5588953954;9;27;87;11;50;08/01/2024
9352888630;1;39;99;18;80;23/05/2024
6955484174;10;31;41;14;100;26/12/2024
4109526217;7;53;70;19;62;13/01/2024
3966601165;9;27;83;6;20;30/03/2024
3488912057;1;55;35;7;49;21/09/2024
3066082261;3;60;72;10;44;05/06/2024
1172534441;10;44;62;1;64;11/11/2024
8113375726;7;22;29;16;49;13/02/2024
7453538893;10;43;19;19;33;13/11/2024
1312515198;5;65;29;11;86;02/06/2024
4177513467;2;59;7;8;81;04/02/2024
7872500589;7;51;40;19;12;30/03/2024
1186878360;9;21;60;6;15;22/02/2024
9476587158;1;42;26;19;30;03/02/2024
1471915402;2;41;85;8;18;21/10/2024
4046914105;2;28;14;5;81;01/09/2024
5278834973;6;58;62;9;16;16/02/2024
6683385329;7;53;25;9;22;16/02/2024
2720121328;7;22;92;11;42;20/12/2024
2261518775;5;62;22;17;52;20/01/2024
9957958259;10;44;46;8;64;07/12/2024
5321343027;2;47;61;11;31;05/04/2024
6654168703;1;39;78;12;17;07/10/2024
4681214564;10;50;29;19;30;14/08/2024
5164457310;1;42;1;19;71;17/02/2024
3472093749;6;58;12;8;22;01/09/2024
1235692827;6;35;5;10;97;29/09/2024
4073324836;4;45;37;14;100;13/06/2024
5347262168;8;26;69;5;51;04/08/2024
6278760512;6;35;12;1;74;26/09/2024
6543024928;1;57;6;2;89;19/03/2024
9824317938;4;64;87;2;43;14/01/2024
7212809674;5;56;97;4;67;17/10/2024
4088889584;5;65;27;10;57;23/05/2024
5968895033;1;33;18;10;61;06/07/2024
6527685926;6;37;41;19;70;23/10/2024
6208868234;7;22;59;3;27;18/06/2024
4127908963;1;32;53;8;70;26/08/2024
3549918074;1;33;86;17;26;03/04/2024
5834690327;1;42;6;14;77;17/12/2024
8532979488;5;56;7;19;93;24/11/2024
1990522689;8;29;25;10;12;09/03/2024
5725686361;3;60;53;16;25;16/03/2024
9651389155;5;66;32;11;70;18/10/2024
2773562475;1;55;76;18;73;07/03/2024
9865150056;8;36;10;17;94;01/02/2024
9462252284;7;23;78;6;90;27/03/2024
2725976244;9;27;6;6;12;07/02/2024
8483119270;1;55;8;6;12;10/02/2024
3691116198;9;25;35;12;67;24/06/2024
9298764198;10;31;49;19;31;19/03/2024
3641815794;5;66;53;16;24;20/09/2024
9821511268;3;61;35;5;54;11/04/2024
7467558449;10;31;78;10;87;18/12/2024
8712117362;10;31;77;3;18;19/02/2024
6443565891;2;59;49;16;72;26/07/2024
6367251498;2;28;8;16;66;19/05/2024
9549544212;5;56;96;13;99;10/09/2024
8705529595;2;28;71;15;90;05/02/2024
6434741292;5;56;29;1;24;19/07/2024
9405169922;5;56;3;14;25;09/05/2024
1512752972;9;21;75;16;40;24/12/2024
5443564230;4;64;12;13;12;04/09/2024
8792540603;9;27;70;12;90;01/08/2024
2965320183;7;48;40;12;93;21/08/2024
4875462620;1;33;64;13;77;21/11/2024
4312883417;2;28;69;10;87;14/01/2024
9935968827;10;31;20;10;16;02/08/2024
8541641291;3;60;35;19;88;13/08/2024
1693698796;8;26;43;5;38;16/07/2024
5108225286;8;29;36;18;14;04/07/2024
1056517668;6;35;66;10;86;12/10/2024
2158769270;3;60;88;3;18;09/05/2024
4099425002;5;46;13;1;65;15/11/2024
6581961917;1;55;10;12;52;18/01/2024
3219960143;3;60;28;2;46;19/05/2024
9608916954;4;64;97;2;30;19/12/2024
9353249289;9;25;100;11;25;18/09/2024
3448223537;7;23;9;12;79;04/05/2024
8917183025;9;21;71;9;68;22/04/2024
1571856372;9;27;76;5;77;10/11/2024
4427722155;3;60;99;16;57;24/09/2024
7761819545;9;24;51;5;96;15/04/2024
1370492344;3;52;58;6;32;20/11/2024
7814290555;7;51;76;16;36;27/08/2024
5546336466;7;22;55;18;32;26/07/2024
5020907459;2;41;80;13;90;29/05/2024
3062608786;7;22;86;3;45;07/02/2024
8301218571;4;64;92;5;26;23/02/2024
2541629255;4;64;90;7;34;02/07/2024
2029061385;1;57;101;15;67;09/06/2024
5288753459;10;44;42;12;90;10/08/2024
7679655876;8;36;49;10;49;20/01/2024
6315116359;5;62;23;3;15;31/05/2024
1225756117;5;66;22;6;80;09/08/2024
5316521854;9;21;81;17;20;07/09/2024
2099334222;3;60;101;5;86;12/04/2024
6033565884;5;63;4;18;39;16/11/2024
7291951922;8;30;74;11;12;12/02/2024
9343425911;1;33;18;19;32;15/03/2024
1450725815;3;67;10;13;100;29/02/2024
9288848710;5;54;83;13;12;14/02/2024
8087799181;4;45;67;6;69;30/06/2024
3760706144;10;50;87;7;82;05/04/2024
3127403878;1;39;62;18;35;09/06/2024
6517080920;9;27;44;18;52;07/12/2024
1578107844;2;41;83;5;28;11/06/2024
5161621266;5;54;36;8;52;08/10/2024
2685031039;8;29;92;15;51;07/09/2024
9140809704;4;38;64;17;20;22/04/2024
7043254851;10;31;18;11;55;22/08/2024
8448373978;10;43;36;2;25;05/07/2024
1562920002;5;54;13;9;19;28/07/2024
1594344916;4;45;1;11;75;08/06/2024
6268850244;7;48;83;3;66;04/10/2024
4623238378;7;22;82;1;95;21/02/2024
2345221205;5;56;84;9;27;07/07/2024
6803877051;4;45;43;12;81;15/05/2024
9781495442;10;50;66;5;49;20/10/2024
9953275714;2;47;93;8;21;26/09/2024
9067572486;8;26;87;12;10;15/05/2024
8764981722;3;60;92;18;37;05/01/2024
1256405945;10;50;78;15;57;18/04/2024
3581857955;3;67;49;9;56;16/12/2024
3823128250;2;28;29;2;76;14/03/2024
5081356792;7;23;61;15;40;13/01/2024
9668361994;1;33;8;1;82;04/08/2024
4058627541;6;37;34;16;80;26/08/2024
8381267258;10;31;68;1;10;05/03/2024
8594824969;4;64;29;14;72;29/06/2024
8673433947;2;47;33;6;63;26/02/2024
3932789126;2;47;63;8;70;11/01/2024
4638144219;4;64;83;4;22;08/04/2024
9877043132;3;52;87;11;35;15/11/2024
5090905063;3;60;77;10;44;16/05/2024
8709438319;9;24;39;5;34;22/03/2024
5844336386;4;64;39;3;38;10/10/2024
9238805570;9;25;30;2;36;26/11/2024
1261846165;10;43;68;19;83;03/02/2024
2692040775;5;62;81;11;82;18/03/2024
1185375583;8;26;101;10;57;20/10/2024
3592015983;7;51;42;11;16;09/05/2024
1595225411;4;45;2;18;80;26/03/2024
6385864455;3;67;73;9;66;20/04/2024
5223743872;1;55;67;16;55;06/05/2024
7706278790;8;26;82;3;49;12/11/2024
1918299776;7;22;11;7;44;22/12/2024
8094689139;2;28;38;9;90;21/07/2024
9708303263;1;55;40;4;65;04/12/2024
7872727151;1;33;6;11;83;17/04/2024
8286002587;5;54;63;13;71;22/06/2024
9397421782;2;47;23;3;72;20/03/2024
4842219239;8;29;73;12;92;22/10/2024
9894003330;7;51;69;12;35;09/01/2024
1048793350;9;21;42;10;37;20/07/2024
1464729002;2;59;67;17;96;10/10/2024
6985670790;10;43;53;7;83;23/04/2024
6753182403;2;47;98;15;40;11/03/2024
4526721731;10;43;25;3;83;27/06/2024
4979669330;10;31;61;19;18;29/12/2024
7998395998;5;62;62;7;10;12/06/2024
4265793965;3;61;34;14;20;24/06/2024
8039014176;8;29;74;6;79;22/07/2024
9128289997;8;30;62;17;78;30/01/2024
4871491143;8;29;16;13;95;27/05/2024
4174036895;8;29;68;18;58;05/12/2024
6625341254;5;66;94;1;24;08/04/2024
6607551750;7;51;2;17;16;15/04/2024
6733829980;4;40;56;14;25;14/10/2024
5792310898;7;22;62;13;100;20/05/2024
2994837745;5;65;60;9;11;15/10/2024
8790827888;5;65;94;9;40;31/07/2024
7004901814;1;39;36;5;77;22/12/2024
8514295137;10;31;24;14;26;11/05/2024
1116594460;5;62;24;17;70;13/11/2024
8477802519;7;51;44;11;29;07/10/2024
2594670457;1;39;44;19;47;13/05/2024
1312215263;10;44;8;5;100;16/04/2024
1872349948;5;66;60;18;21;14/07/2024
6632849263;6;35;39;17;53;31/07/2024
1966054745;1;39;48;11;30;15/02/2024
7211966946;8;29;23;2;22;27/05/2024
2890214086;10;44;1;13;59;23/08/2024
2508447427;5;65;55;10;28;03/09/2024
9396128441;5;62;61;15;22;27/01/2024
5761658271;3;52;60;1;90;05/02/2024
4773177120;5;46;70;6;71;13/01/2024
6841877205;2;59;31;9;44;08/11/2024
1999106956;10;44;27;5;46;05/12/2024
9137254005;6;37;48;14;59;27/10/2024
1322280969;9;24;42;2;14;04/06/2024
4053801569;5;65;29;16;84;26/06/2024
1338978025;2;28;95;3;73;31/05/2024
5407111072;1;33;33;1;14;19/07/2024
5180179659;7;51;96;5;27;10/04/2024
5237395884;7;22;2;12;53;02/12/2024
2533826601;4;34;41;3;84;24/09/2024
7793906810;8;29;90;15;32;17/07/2024
7631369766;4;38;5;3;17;26/05/2024
3871722186;5;65;20;17;74;24/03/2024
5832780913;10;44;57;8;63;05/12/2024
4488207451;5;56;17;4;39;22/02/2024
3638376238;4;40;83;10;92;24/01/2024
5498197662;1;55;69;10;16;20/11/2024
2583375771;2;47;47;18;58;06/03/2024
7724759829;7;22;12;16;72;29/06/2024
6606541434;7;51;4;2;95;08/10/2024
8624372359;5;65;17;18;24;20/12/2024
7082642732;5;46;50;16;66;16/02/2024
3455005178;8;36;50;9;75;02/08/2024
3732801517;7;48;100;5;75;05/02/2024
9717728763;4;40;82;15;25;16/03/2024
9163613197;1;55;67;8;98;12/07/2024
1374148892;1;57;28;14;91;26/11/2024
4107281360;1;55;88;3;58;08/09/2024
4658139172;4;34;64;9;41;03/04/2024
5618541917;8;30;2;10;91;06/05/2024
5977313913;9;24;64;18;12;28/08/2024
6615657632;10;44;45;18;46;09/04/2024
4726880539;1;32;19;4;88;28/06/2024
6696086932;10;31;95;16;95;12/03/2024
3776234934;4;38;23;6;16;08/10/2024
2032320858;9;27;40;15;29;25/12/2024
4097512644;7;48;59;8;96;16/05/2024
2783223829;5;62;86;7;18;25/10/2024
6661804541;9;27;96;1;74;18/10/2024
3857039793;1;55;98;11;71;09/02/2024
7853592120;10;43;81;14;14;20/12/2024
6907845406;1;39;99;16;43;17/07/2024
3995740841;4;64;86;16;30;02/05/2024
7542333208;9;24;101;16;34;23/04/2024
5671094305;6;37;60;17;23;03/07/2024
8468048514;9;21;62;2;47;25/04/2024
6130346749;8;30;10;3;34;25/07/2024
2458990332;7;49;74;17;69;16/02/2024
7493755659;3;67;80;18;11;26/01/2024
1309335300;5;56;20;5;31;16/11/2024
1519908472;8;30;4;11;38;21/01/2024
5548884368;7;22;98;3;67;03/11/2024
2823769443;4;45;29;3;57;20/02/2024
4351022520;8;26;70;4;40;12/01/2024
4010677374;3;52;78;16;72;23/09/2024
5789703660;1;32;55;16;51;29/11/2024
4947577977;7;53;32;16;12;26/08/2024
9567457476;5;66;70;18;95;14/02/2024
3626538214;10;43;39;7;69;16/03/2024
3310159894;8;29;42;7;26;14/06/2024
9366808363;6;58;82;19;62;23/11/2024
8551270488;3;52;43;3;94;23/09/2024
2556989407;4;64;92;6;77;01/04/2024
7662761746;1;55;72;2;81;29/05/2024
3163144343;4;45;54;10;36;20/11/2024
8443388113;9;25;53;8;87;29/09/2024
2430123437;8;26;41;2;64;06/04/2024
9072036450;6;37;76;17;100;25/06/2024
9626971047;9;21;29;11;100;05/05/2024
6933043965;1;57;61;12;21;10/10/2024
4573213940;10;43;52;13;38;01/02/2024
3510368302;1;42;62;9;69;31/10/2024
6440801372;2;28;80;2;99;05/09/2024
1763540281;7;48;89;9;95;20/06/2024
1690038952;1;57;51;14;35;07/10/2024
7796230983;1;32;36;8;52;07/12/2024
1669428887;8;36;44;5;14;01/05/2024
6814627960;5;66;72;18;10;15/11/2024
4688488915;3;52;43;18;62;13/12/2024
3692938770;1;42;25;11;45;29/07/2024
7498210720;4;45;64;1;27;19/01/2024
3238086328;4;45;88;4;21;30/09/2024
1936813225;5;63;88;14;49;15/09/2024
4908462772;10;31;38;14;32;16/03/2024
8901536889;1;55;60;14;85;18/04/2024
8464196258;3;52;13;12;72;10/11/2024
3615592358;8;36;53;5;44;09/10/2024
1174750319;7;23;87;12;68;12/07/2024
2241196619;2;47;28;8;65;14/05/2024
5469180846;4;45;84;7;11;25/07/2024
9202061241;5;54;39;13;57;01/07/2024
9763556062;4;40;60;11;31;27/04/2024
4494619956;7;49;13;16;33;06/11/2024
3817114946;3;52;61;4;76;07/03/2024
1498970974;1;57;56;8;55;10/06/2024
1028207927;4;34;71;13;66;05/06/2024
9750153328;5;65;41;17;94;23/08/2024
1998396829;3;60;81;18;40;25/04/2024
4280646951;9;24;85;9;24;19/05/2024
8461168921;1;42;5;13;38;21/09/2024
1797661551;10;31;26;5;56;25/01/2024
9753482090;7;23;32;11;76;14/11/2024
1298642107;1;55;45;16;77;18/03/2024
2469906180;6;37;96;2;42;07/05/2024
8682300692;1;55;54;2;33;09/02/2024
6806366489;1;57;60;8;46;30/05/2024
7779084462;1;42;52;1;12;09/08/2024
9089858006;2;41;53;11;65;21/03/2024
9237643384;9;25;69;18;14;02/05/2024
5231523392;6;37;3;13;93;15/11/2024
9863983239;5;63;61;14;32;23/01/2024
3141694648;8;30;56;8;59;15/12/2024
3534844428;6;35;46;13;49;27/05/2024
4844831322;3;60;15;15;88;08/09/2024
1000480601;5;65;11;14;60;16/09/2024
2458802801;7;49;94;8;49;02/01/2024
9483531120;10;31;29;8;42;29/04/2024
1467661216;3;61;75;1;79;22/08/2024
5978469600;9;24;29;7;91;08/10/2024
2265344191;8;36;34;10;87;15/07/2024
9652438992;9;25;41;8;18;11/06/2024
5425238932;2;59;73;1;88;02/08/2024
5780888704;7;48;29;12;88;23/04/2024
8006098754;4;45;93;13;51;01/12/2024
7686256050;1;33;13;13;87;29/08/2024
5896483131;7;53;20;17;64;18/02/2024
2110168865;10;44;31;5;59;05/06/2024
4570681434;3;52;86;14;67;30/12/2024
7388933466;7;23;38;4;34;28/07/2024
2818710796;8;29;45;18;74;07/08/2024
2067181409;10;44;56;13;100;30/01/2024
2771391796;6;37;99;16;24;07/07/2024
4867405407;9;27;5;13;36;14/11/2024
2624036756;3;67;101;6;30;07/06/2024
1867206080;8;30;7;17;30;18/04/2024
6370173717;9;25;76;15;88;01/10/2024
7223083218;5;46;22;16;26;09/09/2024
5014140216;2;59;68;12;97;09/07/2024
8235638294;8;36;82;2;23;01/03/2024
3520731820;7;53;65;8;92;23/11/2024
1185911413;3;61;48;5;11;21/10/2024
6115165723;8;30;5;12;37;11/06/2024
1572701035;2;59;65;5;83;28/11/2024
3259115482;5;63;34;14;73;22/02/2024
9168515867;9;21;82;8;97;31/01/2024
8076017582;1;32;51;13;35;11/02/2024
6680451149;2;47;22;13;86;01/08/2024
5474049758;4;34;27;2;48;08/07/2024
5052344216;8;29;65;3;90;19/06/2024
8347489898;2;28;34;17;44;14/10/2024
4054287196;1;33;52;18;84;21/03/2024
9757246676;5;66;10;16;12;25/01/2024
9509734798;9;27;34;12;71;19/06/2024
1766861977;9;25;69;2;76;09/11/2024
1951819466;7;49;76;5;50;24/04/2024
9940649531;7;51;56;17;26;19/11/2024
8581473865;3;60;15;19;96;16/10/2024
6410637680;5;65;57;13;20;08/12/2024
8339585130;8;36;7;10;13;29/04/2024
9171484250;8;26;15;15;97;08/02/2024
7135642032;6;37;89;8;65;27/02/2024
7430206745;10;50;80;12;96;01/06/2024
8706210726;3;61;4;10;66;11/09/2024
2196328628;3;60;24;2;25;30/08/2024
9138044562;6;58;101;14;26;15/12/2024
6047161408;6;58;38;16;54;15/02/2024
1677936028;9;21;50;13;98;01/03/2024
3894312764;5;54;12;18;23;21/08/2024
8491926175;9;24;20;7;45;01/01/2024
4136087849;5;65;81;6;72;07/07/2024
3142596236;2;41;80;5;78;12/02/2024
6934118471;5;62;14;12;31;14/02/2024
4092219689;2;41;91;8;68;29/02/2024
5405404688;1;33;96;3;72;30/03/2024
3751273114;9;24;82;3;14;03/11/2024
2236574803;10;50;36;14;23;27/08/2024
8599596133;7;22;5;10;24;12/07/2024
5770239930;6;37;23;14;89;20/05/2024
4230802053;8;30;101;5;26;03/06/2024
5353278287;3;67;59;14;22;05/05/2024
6980584323;4;45;68;7;27;14/09/2024
2357130425;1;55;43;13;55;13/06/2024
7291427570;4;64;68;8;49;01/05/2024
4343617419;7;22;68;8;70;28/10/2024
1779787484;4;64;51;13;75;10/08/2024
1167276148;3;67;67;15;48;10/11/2024
5016607955;3;67;32;16;59;15/10/2024
7189629350;9;24;31;9;54;18/11/2024
9902730934;10;50;8;2;28;15/04/2024
2408602269;5;56;29;11;36;20/09/2024
6448976214;10;50;7;10;57;02/06/2024
1102421405;9;24;7;2;24;31/07/2024
6871880592;5;65;4;17;26;31/01/2024
8268224763;7;23;24;17;37;06/12/2024
5889459473;4;38;50;11;48;02/04/2024
4852724714;6;35;101;14;22;30/09/2024
7317430485;7;22;92;4;39;20/12/2024
7940009190;9;25;22;13;76;30/04/2024
8820157768;7;48;27;8;17;10/11/2024
3084864238;7;53;38;6;63;24/08/2024
8595834974;9;24;46;8;58;22/02/2024
6183424406;8;29;46;7;71;16/03/2024
7031553486;5;62;31;15;60;23/10/2024
7266761966;6;37;80;15;94;16/01/2024
8518246831;3;52;4;14;93;08/08/2024
3268434525;2;47;9;18;76;19/09/2024
2614440457;7;22;45;13;37;12/10/2024
9174865288;3;52;30;6;63;25/05/2024
2441165756;7;49;11;15;77;13/06/2024
2956439282;9;24;39;18;55;12/07/2024
2218749684;4;64;80;8;43;17/07/2024
5269487116;7;22;85;1;23;31/07/2024
1537331750;4;38;54;4;39;04/01/2024
9922096927;3;61;86;4;76;10/03/2024
9988714843;10;50;6;12;33;08/06/2024
8960060315;4;64;16;2;93;24/04/2024
9459790549;10;50;26;12;67;24/09/2024
1273085193;6;58;58;12;69;22/09/2024
4905311684;2;47;98;10;74;17/02/2024
5278630143;3;61;60;10;16;15/09/2024
9018748954;7;22;64;11;82;26/05/2024
4311898979;8;36;38;1;95;16/07/2024
2598196303;1;39;77;1;74;10/02/2024
6629559535;10;44;41;3;76;31/01/2024
9511287231;3;61;44;7;98;16/03/2024
9316721015;10;31;58;1;85;04/09/2024
4795032420;1;39;3;19;81;06/04/2024
9512096570;6;35;63;10;69;18/12/2024
9415625519;5;46;74;18;64;19/11/2024
6382707510;2;59;73;15;39;25/07/2024
4982477007;9;21;98;7;25;05/02/2024
8278357949;7;48;22;12;41;24/12/2024
4392296304;5;56;62;6;19;21/04/2024
6315125727;6;37;75;1;47;04/04/2024
8243910682;3;52;24;9;87;09/10/2024
2366631270;4;40;1;8;88;23/06/2024
3367748440;8;30;93;2;77;25/11/2024
9262866546;8;26;10;16;23;08/10/2024
9432566086;7;22;7;12;34;13/01/2024
9345665611;3;60;76;17;60;07/08/2024
6736365247;4;45;74;15;47;25/11/2024
6488457000;5;56;76;5;81;08/05/2024
9225324487;1;33;47;15;16;27/04/2024
3796578768;5;46;62;13;53;05/08/2024
8557108280;5;54;97;17;11;05/10/2024
7611967358;4;45;9;11;64;22/12/2024
3992205422;5;54;81;1;30;06/03/2024
1912595061;5;66;38;13;40;14/07/2024
6986415680;10;50;93;9;65;07/11/2024
1990841015;7;51;65;17;76;29/04/2024
1393534568;5;63;48;2;56;08/11/2024
5908975632;7;53;69;11;59;16/10/2024
9798688393;1;42;87;13;37;01/12/2024
9207049072;3;61;59;2;52;26/02/2024
5507959729;5;56;41;6;18;17/09/2024
4216917844;4;34;61;16;17;24/08/2024
7549303381;2;59;31;13;87;02/08/2024
9426561398;2;28;55;8;68;02/11/2024
6448757100;1;32;67;10;30;20/07/2024
7603362458;8;36;77;15;96;02/09/2024
9341472451;10;43;75;15;36;31/03/2024
1749120452;1;55;44;6;77;15/12/2024
5730213913;9;25;9;6;92;02/04/2024
5926154293;4;38;63;2;100;08/12/2024
8520540692;7;51;10;12;18;17/01/2024
7310090817;9;21;54;18;35;17/12/2024
3884786350;6;58;42;11;42;23/05/2024
6505316447;10;43;54;19;98;09/07/2024
8473158312;5;54;3;16;37;16/12/2024
6156364902;2;28;69;18;14;08/07/2024
8190701763;8;29;7;8;42;23/09/2024
1848196336;1;57;55;6;90;27/11/2024
5813881766;7;53;31;13;41;17/03/2024
3930885575;5;46;35;11;76;30/08/2024
1872548602;8;26;85;17;82;07/03/2024
4901456661;1;32;82;12;99;26/12/2024
4298133958;2;47;27;2;28;19/09/2024
4514750174;4;34;36;12;21;04/07/2024
9436637350;8;26;99;17;80;17/03/2024
2197860947;9;21;63;7;59;12/09/2024
6367713730;9;25;38;8;20;20/02/2024
4779292643;1;33;32;3;37;03/04/2024
3802902716;10;43;38;9;92;14/03/2024
2471510823;2;59;41;4;26;02/08/2024
4938467087;5;63;56;15;60;16/08/2024
8138675715;1;55;4;19;59;27/11/2024
1004016677;7;48;17;15;25;13/08/2024
7654460396;4;34;54;3;87;14/12/2024
6410521747;7;23;31;18;61;11/10/2024
9107476490;2;28;15;4;27;16/01/2024
6035639299;5;63;49;11;41;16/01/2024
3844766955;2;28;53;3;67;11/01/2024
2387971324;7;49;17;12;78;13/05/2024
6508108538;7;23;15;9;64;15/06/2024
3121563229;3;61;6;18;83;11/09/2024
4588422100;5;62;33;8;15;05/01/2024
7391493227;5;66;53;18;69;30/11/2024
9618761451;5;54;5;5;50;16/07/2024
2656334982;8;36;95;2;72;14/02/2024
7651258071;5;62;64;14;38;27/11/2024
5506338821;3;52;54;12;35;10/01/2024
4076932663;5;56;95;1;54;30/10/2024
4315603986;7;22;61;3;37;11/02/2024
6639949178;8;30;95;16;14;03/01/2024
3437418733;9;24;69;6;89;18/09/2024
9536492011;1;55;50;9;56;14/06/2024
1682466876;2;59;79;6;50;27/06/2024
6716762711;7;23;47;12;54;26/04/2024
6336110659;4;34;13;5;35;20/06/2024
2340611763;6;37;90;3;99;03/03/2024
9856705867;2;47;88;18;71;29/09/2024
4991931871;10;31;77;19;94;25/09/2024
6420320043;9;27;65;7;96;09/07/2024
2983092243;9;21;70;3;49;12/05/2024
7662447745;8;30;61;6;30;24/04/2024
3657994238;8;36;26;6;56;20/12/2024
9939779855;8;29;54;7;89;25/06/2024
6268502761;3;60;79;1;38;05/07/2024
8648612619;1;57;24;3;74;02/07/2024
2779096064;6;58;13;7;85;31/07/2024
1629292115;1;57;77;15;71;26/01/2024
9195711757;7;23;85;18;82;20/08/2024
7153366141;8;26;47;15;92;01/09/2024
8249731263;7;48;34;15;27;20/04/2024
4173207236;5;62;89;12;20;19/12/2024
5762758088;10;50;70;8;66;12/01/2024
6057749911;1;32;13;12;89;13/07/2024
8363125417;6;58;55;5;11;02/05/2024
3683749690;2;59;91;9;67;15/11/2024
6961943518;6;35;86;17;69;27/11/2024
4367604126;2;59;67;2;76;18/07/2024
8663384723;1;42;54;9;63;01/02/2024
5653897553;8;30;83;1;36;06/01/2024
2189896628;1;57;70;19;40;12/01/2024
4561004087;7;49;49;10;35;26/12/2024
4622010021;6;37;1;12;34;30/09/2024
2252785585;5;62;24;15;51;03/10/2024
8045137588;1;32;95;13;38;03/03/2024
9167136092;9;21;73;7;99;31/05/2024
8315692467;9;25;8;3;19;08/10/2024
4094187042;1;39;17;15;26;27/09/2024
9692350064;2;47;13;11;76;13/11/2024
9979344543;2;41;31;8;31;21/09/2024
8281278589;10;44;91;11;73;28/01/2024
6358744566;2;28;55;12;25;01/01/2024
9884940006;10;44;21;17;71;29/12/2024
9168126868;10;43;13;13;16;19/09/2024
2479163868;4;45;82;1;20;20/03/2024
1142160526;8;29;68;8;59;31/07/2024
2063050272;10;50;40;12;45;21/02/2024
1081389336;8;26;13;1;90;19/02/2024
6849152881;1;33;66;12;97;24/09/2024
6175403404;4;64;70;4;31;29/11/2024
6536439766;4;64;56;19;26;02/10/2024
3242276695;5;66;32;17;55;25/12/2024
5377533752;8;30;19;4;99;15/10/2024
9304772638;3;52;62;16;28;03/04/2024
6374088574;5;54;67;10;28;03/05/2024
4112090276;1;42;71;15;57;25/11/2024
9653798858;3;60;37;14;62;15/04/2024
6686306946;5;65;63;3;40;01/03/2024
8374192437;5;46;66;3;88;08/04/2024
5295067650;4;64;55;3;64;26/08/2024
2001017802;8;36;46;10;16;22/07/2024
8103991639;6;58;31;6;71;02/01/2024
9854886122;4;64;40;9;49;07/02/2024
3068931666;9;21;39;19;17;15/08/2024
6110444646;2;59;35;13;58;30/07/2024
5918863001;9;27;77;5;27;23/12/2024
4749995484;7;22;64;2;73;24/10/2024
5277091215;2;28;89;12;58;20/12/2024
1311370723;9;21;17;8;99;17/10/2024
1014735842;1;33;24;6;91;21/07/2024
1143786980;6;37;22;3;12;02/01/2024
1101541498;9;25;87;6;11;22/01/2024
5027593812;6;37;4;18;73;03/11/2024
3149245112;4;64;44;17;59;07/07/2024
8979149592;4;45;91;9;44;21/08/2024
4787120654;9;27;85;5;80;09/05/2024
7237802747;4;64;13;4;77;12/06/2024
3685985927;5;56;9;17;20;07/07/2024
2940261472;9;27;89;1;46;19/06/2024
8272458880;6;37;88;7;44;19/10/2024
5151539152;2;47;61;5;44;15/05/2024
1664428380;3;67;91;11;43;26/05/2024
6745698285;8;30;37;13;23;29/03/2024
6515674754;10;50;19;9;58;07/04/2024
5048981301;1;33;27;11;16;21/06/2024
5702501214;1;42;26;5;74;27/09/2024
9876816461;1;42;52;1;50;26/02/2024
4981659506;8;29;88;10;42;05/08/2024
7685052049;9;27;69;7;46;19/09/2024
9700796726;5;54;8;18;86;16/09/2024
5256347629;5;63;20;1;64;07/01/2024
9288270092;2;47;43;6;46;27/05/2024
8420779584;7;22;33;13;24;24/04/2024
1068302425;6;37;49;6;19;06/06/2024
3318902509;8;30;25;13;53;24/09/2024
9143292980;10;44;74;13;82;10/05/2024
8827164347;2;41;94;5;77;20/11/2024
8102797918;8;26;42;2;82;25/06/2024
2444935895;4;64;82;16;18;25/03/2024
2803918071;7;51;78;5;25;04/07/2024
3033779465;9;24;52;5;47;22/02/2024
7216964667;4;40;71;15;71;01/02/2024
3143570133;6;58;80;6;32;11/02/2024
3622988909;5;56;37;6;19;09/03/2024
8623087313;10;50;67;18;42;09/10/2024
1905271854;3;60;82;2;82;12/10/2024
3140900772;4;64;63;11;40;23/04/2024
5872658936;1;39;95;1;13;26/03/2024
2923311998;10;44;21;13;35;08/02/2024
3534075642;3;67;54;10;48;02/02/2024
6791089034;1;39;34;3;36;04/03/2024
9508644228;7;23;81;5;91;15/07/2024
4370348741;7;51;39;3;84;20/12/2024
2457136851;1;55;38;6;69;16/03/2024
8264239532;9;27;21;9;63;22/09/2024
8815461281;1;55;26;2;91;04/07/2024
6600261014;5;66;93;16;85;19/04/2024
5764329230;7;22;70;4;87;27/09/2024
2181349780;4;34;67;1;54;06/12/2024
1006640502;2;59;45;2;62;03/12/2024
2918379294;5;54;82;11;83;10/05/2024
4404539700;7;53;83;5;56;01/07/2024
8631273999;8;29;17;9;98;16/10/2024
5453556514;8;36;68;6;67;14/05/2024
3623807684;5;63;83;7;17;17/03/2024
9751522622;7;51;22;11;85;28/05/2024
4108098044;10;31;92;5;50;08/01/2024
2277159778;1;32;52;19;12;01/09/2024
3502987695;8;30;14;14;43;01/02/2024
7111619279;7;53;8;1;39;10/02/2024
8203738377;5;63;30;5;80;27/07/2024
5053501224;8;36;46;10;32;22/11/2024
3966456543;8;36;65;11;38;21/04/2024
3945139553;7;49;97;14;84;19/07/2024
9567344391;4;45;91;5;34;30/04/2024
1633184900;9;25;48;6;100;03/06/2024
1780171162;10;31;57;10;56;12/07/2024
4819576038;2;59;48;1;77;13/04/2024
6584975988;7;53;77;3;60;05/09/2024
9246996557;9;27;50;18;27;26/03/2024
8399777008;2;47;69;7;43;16/03/2024
3946848840;9;25;100;8;66;21/12/2024
6571819892;5;63;20;7;35;26/04/2024
9710755818;5;63;23;9;81;17/03/2024
2733714230;1;39;68;19;43;16/06/2024
4295948763;4;64;25;17;71;09/09/2024
3338032335;7;51;72;3;79;04/03/2024
7967670648;10;50;9;9;57;02/02/2024
7713205154;2;47;70;6;69;19/10/2024
1017678962;7;53;2;17;48;18/01/2024
7264959474;1;33;56;1;48;13/07/2024
2666033876;5;63;25;16;43;05/03/2024
9014282383;7;49;84;10;92;11/09/2024
8916919659;6;37;70;8;40;22/09/2024
3602634936;7;53;62;2;24;26/06/2024
5932693157;3;61;3;14;16;12/11/2024
6789622362;7;53;53;18;74;30/03/2024
2072305221;6;58;71;6;34;05/08/2024
8687791633;9;25;7;11;33;14/09/2024
9766094218;1;57;38;14;43;07/08/2024
4341128323;2;41;36;18;97;27/08/2024
9701515625;4;64;26;16;72;30/07/2024
2787655058;9;24;25;18;24;27/07/2024
4588290386;1;55;54;3;41;18/10/2024
6158706857;4;38;25;1;43;22/01/2024
6323210975;1;55;2;15;88;20/12/2024
5939107317;10;43;71;18;40;27/04/2024
7402264642;3;52;16;6;35;07/10/2024
2022802087;1;39;84;19;90;22/05/2024
1347059277;7;22;54;11;33;25/07/2024
6274264132;4;64;98;18;31;15/03/2024
2260327716;1;39;29;19;66;14/10/2024
6874297484;5;63;17;19;76;24/03/2024
8632783479;6;35;82;10;71;10/11/2024
9138246198;3;52;47;2;45;23/03/2024
7828512937;1;55;72;1;79;24/04/2024
5920884999;9;27;3;14;82;15/11/2024
6612129002;8;30;4;19;14;05/01/2024
9113273630;10;50;26;8;28;23/12/2024
8975975118;5;46;76;14;72;15/06/2024
5504472082;2;47;18;5;14;29/01/2024
7516832361;1;55;1;17;20;22/01/2024
7908585553;10;44;77;1;42;13/09/2024
6357062679;5;66;66;9;18;19/12/2024
1693072313;1;57;15;5;82;20/11/2024
8114772650;3;67;19;9;17;10/10/2024
5295663250;4;38;17;11;96;05/07/2024
2181510977;5;65;31;7;96;08/08/2024
5159339814;7;51;62;1;98;30/10/2024
9905841636;1;32;76;16;52;13/08/2024
5161233958;1;57;2;15;61;23/12/2024
6634094414;8;30;94;18;33;02/10/2024
4481812663;7;51;72;12;100;22/06/2024
9123281946;2;28;19;15;79;26/04/2024
1806706382;2;47;12;18;88;05/05/2024
7277018998;6;35;24;18;69;07/07/2024
8059861252;9;24;43;1;56;18/02/2024
3194716239;10;44;61;19;36;11/10/2024
7206492324;1;32;36;2;36;14/05/2024
2593432869;5;66;79;17;57;06/02/2024
9977209304;9;25;48;19;77;26/12/2024
5271052478;3;67;23;19;90;22/09/2024
1626687746;1;39;84;10;25;13/10/2024
7376255685;2;41;46;18;68;10/06/2024
7587991656;8;26;7;19;16;07/05/2024
7700401939;5;62;72;17;62;23/09/2024
1906499380;7;51;81;11;55;07/03/2024
9128205533;7;48;6;19;76;18/03/2024
5292033622;6;37;52;10;32;27/05/2024
2935711265;7;23;22;6;24;09/01/2024
2974937198;6;37;99;7;76;06/10/2024
3654968180;10;44;4;12;82;02/11/2024
7537586749;7;23;34;18;38;28/10/2024
3598945358;3;61;14;2;76;22/11/2024
5739919027;1;57;92;3;64;25/07/2024
7575004714;3;60;88;13;63;10/02/2024
7519748638;6;35;46;9;13;02/05/2024
6783204290;7;23;54;4;79;03/02/2024
8837620996;6;35;3;11;16;04/01/2024
1858994334;6;37;76;15;39;01/02/2024
1250864062;8;26;60;2;65;28/08/2024
4981266078;9;24;57;19;44;04/12/2024
2728773706;10;50;77;1;50;24/04/2024
5901976252;4;64;29;10;65;04/12/2024
9512452684;7;22;18;19;51;24/10/2024
3553972255;6;58;67;13;19;26/02/2024
5650824761;9;27;75;10;41;06/08/2024
6483736252;3;61;26;4;17;21/01/2024
8147689084;7;22;35;7;46;23/05/2024
7088615071;5;63;97;4;23;02/03/2024
8154729213;6;58;90;17;31;13/05/2024
7215675457;3;61;5;11;37;26/11/2024
9396169558;2;59;86;2;55;01/11/2024
2377960482;2;59;2;18;69;28/01/2024
6317404990;2;41;26;5;75;09/11/2024
3696419197;10;31;51;1;39;06/09/2024
9678458490;5;66;66;10;15;01/08/2024
6807607833;4;40;7;9;43;02/07/2024
9321927598;6;58;17;9;94;14/10/2024
6068692468;4;34;46;4;89;20/06/2024
5289504792;6;37;15;3;50;09/07/2024
7863920957;6;35;48;14;71;02/04/2024
2821235654;7;51;77;15;46;27/06/2024
4785859411;6;35;47;17;69;16/09/2024
1458107251;4;38;83;6;87;02/10/2024
7361708324;8;26;72;6;70;29/02/2024
8342497904;1;57;60;7;32;26/11/2024
8054069323;4;38;82;18;22;17/06/2024
6388111089;4;45;29;4;62;29/11/2024
